,Ed1,Ed2,2,3,4,5
0,"84185: Vliet, Joannes van der, 1847-1902",,,,,
1,"84091 : Helm, Rudolf Wilhelm Oskar, 1872-1966",,,,,
2,"84185: Vliet, Joannes van der, 1847-1902",,,,,
3,"84091 : Helm, Rudolf Wilhelm Oskar, 1872-1966",,,,,
4,,,,,,
5,"84183 : Thomas, Paul, 1852-1937","84091 : Helm, Rudolf Wilhelm Oskar, 1872-1966",,,,
6,"89602 : Hultsch, Fridericus (Friedrich Otto), 1833-1906",,,,,
7,"84053 : Dietsch, Heinrich Rudolf, 1814-1875","84046 : Baumgarten-Crusius, Detlev Carl Wilhelm, 1786-1845",,,,
8,"84053 : Dietsch, Heinrich Rudolf, 1814-1875","84046 : Baumgarten-Crusius, Detlev Carl Wilhelm, 1786-1845",,,,
9,,,,,,
10,"84127 : Müller, Lucian, 1836-1898",,,,,
11,"91810 : Gilbert, Walther, 1851-",,,,,
12,,,,,,
13,"91864 : Pichlmayr, Franz, 1861-1926",,,,,
14,,,,,,
15,,,,,,
16,"91789 : Breysig, Alfred August Bernhard, 1831-1901",,,,,
17,"89563 : Mohr, Paul",,,,,
18,,,,,,
19,,,,,,
20,,,,,,
21,"89571 : Fleckeisen, Alfred, 1820-1899",,,,,
22,"89571 : Fleckeisen, Alfred, 1820-1899",,,,,
23,"84045 : Baehrens, Emil, 1848-1888",,,,,
24,"89607 : Lang, Carl, 1841-",,,,,
25,"91713 : 91713 : Ribbeck, Otto, 1827-1898",,,,,
26,"84054 : Dinter, Bernard",,,,,
27,"84054 : Dinter, Bernard",,,,,
28,,,,,,
29,,,,,,
30,"84104 : Kübler, Bernhard, 1859-1940",,,,,
31,"84190: Wölfflin, Eduard von, 1831-1908","84104 : Kübler, Bernhard, 1859-1940",,,,
32,"84190 : Wölfflin, Eduard von, 1831-1908","84104 : Kübler, Bernhard, 1859-1940",,,,
33,"84125 : Miodoński, Adam Stefan, 1861-1913","84190 : Wölfflin, Eduard von, 1831-1908",,,,
34,,,,,,
35,"84108 : Keil, Heinrich, 1822-1894",,,,,
36,"84089 : Goetz, Georg, 1849-1932",,,,,
37,"91869 : Ranke, Friedrich, 1882-1950",,,,,
38,"91796 : Dederich, Andreas, 1804-",,,,,
39,"89694 : Gundermann, Gotthold, 1856-1921",,,,,
40,"91731 : Frick, Karl, 1848-",,,,,
41,"89461 : Haase, Friedrich, 1808-1867",,,,,
42,"84186 : Vollmer, Friedrich, 1867-1923","84088 : Giarratano, Caesar, 1880-",,,,
43,"91844 : La Sale, Antoine de, 1385?-1461?","91836 : Knoellinger, Hermann, 1883-1914","91797 : Derz, Friedrich W.","89608 : Müller, C. F. W. (Carl Friedrich Wilhelm), 1830-1903",,
44,"89608 : Müller, C. F. W. (Carl Friedrich Wilhelm), 1830-1903",,,,,
45,"91893 : Wesenberg, Albert Sadolin, 1804-1876","89575 : Klotz, Reinhold, 1807-1870",,,,
46,"89608 : Müller, C. F. W. (Carl Friedrich Wilhelm), 1830-1903",,,,,
47,"89575 : Klotz, Reinhold, 1807-1870",,,,,
48,"89608 : Müller, C. F. W. (Carl Friedrich Wilhelm), 1830-1903",,,,,
49,"89608 : Müller, C. F. W. (Carl Friedrich Wilhelm), 1830-1903",,,,,
50,"84053 : Dietsch, Heinrich Rudolf, 1814-1875","89575 : Klotz, Reinhold, 1807-1870",,,,
51,"89575 : Klotz, Reinhold, 1807-1870","84053 : Dietsch, Heinrich Rudolf, 1814-1875",,,,
52,"91836 : Knoellinger, Hermann, 1883-1914",,,,,
53,"89608 : Müller, C. F. W. (Carl Friedrich Wilhelm), 1830-1903",,,,,
54,"89608 : Müller, C. F. W. (Carl Friedrich Wilhelm), 1830-1903",,,,,
55,"89575 : Klotz, Reinhold, 1807-1870",,,,,
56,"89608 : Müller, C. F. W. (Carl Friedrich Wilhelm), 1830-1903",,,,,
57,"89608 : Müller, C. F. W. (Carl Friedrich Wilhelm), 1830-1903",,,,,
58,"89608 : Müller, C. F. W. (Carl Friedrich Wilhelm), 1830-1903",,,,,
59,"89608 : Müller, C. F. W. (Carl Friedrich Wilhelm), 1830-1903",,,,,
60,"91876 : Schiche, Theodor",,,,,
61,"89608 : Müller, C. F. W. (Carl Friedrich Wilhelm), 1830-1903",,,,,
62,"89608 : Müller, C. F. W. (Carl Friedrich Wilhelm), 1830-1903",,,,,
63,"91849 : Meissner, Carl, 1830-",,,,,
64,"89608 : Müller, C. F. W. (Carl Friedrich Wilhelm), 1830-1903",,,,,
65,"91835 : Klotz, Alfred, 1874-1956",,,,,
66,"89684 : Merkel, Rudolf, 1811-1885","91728 : Ehwald, Rudolf, 1847-1927",,,,
67,"84127 : Müller, Lucian, 1836-1898",,,,,
68,"84186 : Vollmer, Friedrich, 1867-1923",,,,,
69,"89575 : Klotz, Reinhold, 1807-1870","91844 : La Sale, Antoine de, 1385?-1461?","91836 : Knoellinger, Hermann, 1883-1914","89608 : Müller, C. F. W. (Carl Friedrich Wilhelm), 1830-1903",,
70,"89459 : Gercke, Alfred, 1860-1922","89460 : Hermes, Emil, 1847-1911","89461 : Haase, Friedrich, 1808-1867","89695 : Heuse, Otto, 1902-","84097 : Hosius, Carl, 1866-1937",
71,"89460 : Hermes, Emil, 1847-1911",,,,,
72,"84104 : Kübler, Bernhard, 1859-1940","89616 : Seckel, Emil, 1864-1924",,,,
73,"89603 : Huschke, Ph. Eduard (Philipp Eduard), 1801-1886","84104 : Kübler, Bernhard, 1859-1940","89616 : Seckel, Emil, 1864-1924",,,
74,"89571 : Fleckeisen, Alfred, 1820-1899",,,,,
75,"84127 : Müller, Lucian, 1836-1898",,,,,
76,"84121 : Mayhoff, Karl, 1841-1914","84101 : Jan, Ludwig von 1807-1869",,,,
77,"89685 : Nauck, C. W. (Carl Wilhelm), 1813-",,,,,
78,"84089 : Goetz, Georg, 1849-1932","84108 : Keil, Heinrich, 1822-1894",,,,
79,"84108 : Keil, Heinrich, 1822-1894",,,,,
80,"84108 : Keil, Heinrich, 1822-1894",,,,,
81,"91841 : Krumbiegel, Richard, 1867-","84108 : Keil, Heinrich, 1822-1894",,,,
82,"84108 : Keil, Heinrich, 1822-1894",,,,,
83,"91787 : Boenig, Hermann, 1860-",,,,,
84,"84045 : Baehrens, Emil, 1848-1888",,,,,
85,"84045 : Baehrens, Emil, 1848-1888",,,,,
86,"91890 : Waltzing, Jean Pierre, 1857-1929",,,,,
87,"91719 : Gutschmid, Alfred von, 1831-1887","84143 : Rühl, Franz, 1845-1916",,,,
88,"89560 : Halm, Karl, 1809-1882",,,,,
89,"89691 : Bonnell, Eduard, 1802-1877",,,,,
90,"89691 : Bonnell, Eduard, 1802-1877",,,,,
91,"89691 : Bonnell, Eduard, 1802-1877",,,,,
92,"91871 : Ritter, Constantin, 1859-1936",,,,,
93,"91867 : Radermacher, Ludwig, 1867-1952",,,,,
94,"91867 : Radermacher, Ludwig, 1867-1952",,,,,
95,"91807 : Frey, Joseph, 1834-1910",,,,,
96,"84097 : Hosius, Carl, 1866-1937",,,,,
97,"84097 : Hosius, Carl, 1866-1937",,,,,
98,"91798 : Deuerling, Andreas, 1838-1906",,,,,
99,"84185 : Vliet, Joannes van der, 1847-1902",,,,,
100,"84185: Vliet, Joannes van der, 1847-1902",,,,,
101,"89560 : Halm, Karl, 1809-1882",,,,,
102,"89560 : Halm, Karl, 1809-1882",,,,,
103,"89560 : Halm, Karl, 1809-1882",,,,,
104,"89560 : Halm, Karl, 1809-1882",,,,,
105,"91778 : Andresen, Georg, 1845-","89560 : Halm, Karl, 1809-1882",,,,
106,,,,,,
107,"84127 : Müller, Lucian, 1836-1898",,,,,
108,,,,,,
109,"89690 : Gemoll, Wilhelm, 1850-1934",,,,,
110,"89530 : Jahnke, Richard, 1868-1933",,,,,
111,"89460 : Hermes, Emil, 1847-1911",,,,,
112,"89698 : Richter, Gustav, 1838-1904","84134 : Peiper, Rudolf, 1834-1898",,,,
113,"89698 : Richter, Gustav, 1838-1904","84134 : Peiper, Rudolf, 1834-1898",,,,
114,"89698 : Richter, Gustav, 1838-1904","84134 : Peiper, Rudolf, 1834-1898",,,,
115,"89460 : Hermes, Emil, 1847-1911","84097 : Hosius, Carl, 1866-1937",,,,
116,"89459 : Gercke, Alfred, 1860-1922","89460 : Hermes, Emil, 1847-1911","89461 : Haase, Friedrich, 1808-1867","89695 : Heuse, Otto, 1902-","84097 : Hosius, Carl, 1866-1937",
117,"89461 : Haase, Friedrich, 1808-1867",,,,,
118,"89459 : Gercke, Alfred, 1860-1922","89460 : Hermes, Emil, 1847-1911","89461 : Haase, Friedrich, 1808-1867","84092 : Hense, Otto, 1845-1931","84097 : Hosius, Carl, 1866-1937",
119,"89461 : Haase, Friedrich, 1808-1867",,,,,
120,"89461 : Haase, Friedrich, 1808-1867",,,,,
121,"89459 : Gercke, Alfred, 1860-1922","89460 : Hermes, Emil, 1847-1911","89461 : Haase, Friedrich, 1808-1867","84092 : Hense, Otto, 1845-1931","84097 : Hosius, Carl, 1866-1937",
122,"89699 : Rossbach, Otto, 1858-1931",,,,,
123,"89603 : Huschke, Ph. Eduard (Philipp Eduard), 1801-1886",,,,,
124,"89438 : Garrod, H. W. (Heathcote William), 1878-1960","89459 : Gercke, Alfred, 1860-1922",,,,
125,"89459 : Gercke, Alfred, 1860-1922","89460 : Hermes, Emil, 1847-1911","89461 : Haase, Friedrich, 1808-1867","84092 : Hense, Otto, 1845-1931","84097 : Hosius, Carl, 1866-1937",
126,"89603 : Huschke, Ph. Eduard (Philipp Eduard), 1801-1886",,,,,
127,"89694 : Gundermann, Gotthold, 1856-1921",,,,,
128,"89560 : Halm, Karl, 1809-1882",,,,,
129,"84104 : Kübler, Bernhard, 1859-1940","89616 : Seckel, Emil, 1864-1924",,,,
130,"89692 : Bremer, F. P. (Franz Peter), 1832-",,,,,
131,"91883 : Sittl, Karl, 1862-1899",,,,,
132,"89536 : Ludwig, Ernst, 1845-1912",,,,,
133,"89536 : Ludwig, Ernst, 1845-1912",,,,,
134,"89536 : Ludwig, Ernst, 1845-1912",,,,,
135,"91854 : Meyer, Wilhelm, 1845-1917",,,,,
136,,,,,,
137,"84054 : Dinter, Bernard",,,,,
138,"84054 : Dinter, Bernard",,,,,
139,"84190 : Wölfflin, Eduard von, 1831-1908","84104 : Kübler, Bernhard, 1859-1940",,,,
140,"84190 : Wölfflin, Eduard von, 1831-1908","84104 : Kübler, Bernhard, 1859-1940",,,,
141,,,,,,
142,"84104 : Kübler, Bernhard, 1859-1940",,,,,
143,,,,,,
144,"84127 : Müller, Lucian, 1836-1898",,,,,
145,"89548 : Boer, Ae.","89549 : Boll, Franz, 1867-1924","84090 : Heiberg, J. L. (Johan Ludvig), 1854-1928",,,
146,"89531 : Koch, Julius, 1866-",,,,,
147,"89531 : Koch, Julius, 1866-",,,,,
148,,,,,,
149,"84045 : Baehrens, Emil, 1848-1888",,,,,
150,"84127 : Müller, Lucian, 1836-1898",,,,,
151,,,,,,
152,,,,,,
153,"84127 : Müller, Lucian, 1836-1898",,,,,
154,"84133 : Plasberg, Otto, 1869-1924","89541 : Simbeck, Karl, 1882-1944",,,,
155,"84059 : Eussner, Adam, 1844-",,,,,
156,"84127 : Müller, Lucian, 1836-1898",,,,,
157,"89602 : Hultsch, Fridericus (Friedrich Otto), 1833-1906",,,,,
158,"91731 : Frick, Karl, 1848-",,,,,
159,,,,,,
160,"84059 : Eussner, Adam, 1844-",,,,,
161,"84140 : Rose, Valentin, 1829-1916",,,,,
162,,,,,,
163,,,,,,
164,,,,,,
165,"84127 : Müller, Lucian, 1836-1898",,,,,
166,"89531 : Koch, Julius, 1866-",,,,,
167,"84127 : Müller, Lucian, 1836-1898",,,,,
168,,,,,,
169,"84186 : Vollmer, Friedrich, 1867-1923",,,,,
170,"84127 : Müller, Lucian, 1836-1898",,,,,
171,,,,,,
172,"84116 : Lehnert, Georg, 1871-",,,,,
173,"89558 : Ofenloch, Ernest, 1884-",,,,,
174,"89546 : Beck, J. W. (Jan Wibertus)",,,,,
175,"84120 : Marold, Karl",,,,,
176,"89560 : Halm, Karl, 1809-1882",,,,,
177,"89560 : Halm, Karl, 1809-1882",,,,,
178,"84138 : Ritschl, Friedrich Wilhelm, 1806-1876","84136 : Reifferscheid, August, 1835-1887",,,,
179,"84099 : Ihm, Max, 1863-1909",,,,,
180,"84099 : Ihm, Max, 1863-1909",,,,,
181,"84049 : Buecheler, Franz, 1837-1908","84137 : Riese, Alexander, 1840-1922",,,,
182,"84091 : Helm, Rudolf Wilhelm Oskar, 1872-1966",,,,,
183,"84142 : Roth, Karl Ludwig, 1790-1868",,,,,
184,"84142 : Roth, Karl Ludwig, 1790-1868",,,,,
185,,,,,,
186,"84142 : Roth, Karl Ludwig, 1790-1868",,,,,
187,"84142 : Roth, Karl Ludwig, 1790-1868",,,,,
188,"84142 : Roth, Karl Ludwig, 1790-1868",,,,,
189,,,,,,
190,"84142 : Roth, Karl Ludwig, 1790-1868",,,,,
191,"84138: Ritschl, Friedrich Wilhelm, 1806-1876","84136: Reifferscheid, August, 1835-1887",,,,
192,,,,,,
193,"84138 : Ritschl, Friedrich Wilhelm, 1806-1876","84136: Reifferscheid, August, 1835-1887",,,,
194,,,,,,
195,"91894 : Zangemeister, Karl Friedrich Wilhelm, 1837-1902",,,,,
196,"91830 : Jahn, Johann Christian, 1797-1847",,,,,
197,"84127 : Müller, Lucian, 1836-1898",,,,,
198,"91813 : Güthling, Otto, 1853-1931",,,,,
199,"91713 : 91713 : Ribbeck, Otto, 1827-1898",,,,,
200,"84127 : Müller, Lucian, 1836-1898",,,,,
201,"91831 : Janell, Walther, 1877-1932","91713 : Ribbeck, Otto, 1827-1898",,,,
202,"91713 : Ribbeck, Otto, 1827-1898",,,,,
203,"91894 : Zangemeister, Karl Friedrich Wilhelm, 1837-1902",,,,,
204,"84090 : Heiberg, J. L. (Johan Ludvig), 1854-1928",,,,,
205,"89679 : Fickelscherer, Martin",,,,,
206,"84174 : Schmitt, Johann Christoph",,,,,
207,"84127 : Müller, Lucian, 1836-1898",,,,,
208,"91894 : Zangemeister, Karl Friedrich Wilhelm, 1837-1902",,,,,
209,"91813 : Güthling, Otto, 1853-1931",,,,,
210,"91713 : Ribbeck, Otto, 1827-1898",,,,,
211,"91713 : Ribbeck, Otto, 1827-1898",,,,,
212,"84127 : Müller, Lucian, 1836-1898",,,,,
213,"91813 : Güthling, Otto, 1853-1931",,,,,
214,"84127 : Müller, Lucian, 1836-1898",,,,,
215,"91713 : Ribbeck, Otto, 1827-1898",,,,,
216,"84099 : Ihm, Max, 1863-1909",,,,,
217,"91713 : Ribbeck, Otto, 1827-1898",,,,,
218,"89684: Merkel, Rudolf, 1811-1885",,,,,
219,"89684: Merkel, Rudolf, 1811-1885",,,,,
220,"91728 : Ehwald, Rudolf, 1847-1927","89684 : Merkel, Rudolf, 1811-1885",,,,
221,"89571 : Fleckeisen, Alfred, 1820-1899",,,,,
222,"89571 : Fleckeisen, Alfred, 1820-1899",,,,,
223,"91835 : Klotz, Alfred, 1874-1956",,,,,
224,"89571 : Fleckeisen, Alfred, 1820-1899",,,,,
225,"89571 : Fleckeisen, Alfred, 1820-1899",,,,,
226,"89571 : Fleckeisen, Alfred, 1820-1899",,,,,
227,"89571 : Fleckeisen, Alfred, 1820-1899",,,,,
228,"91835 : Klotz, Alfred, 1874-1956",,,,,
229,"89684 : Merkel, Rudolf, 1811-1885","91728 : Ehwald, Rudolf, 1847-1927",,,,
230,"91728 : Ehwald, Rudolf, 1847-1927","89684 : Merkel, Rudolf, 1811-1885",,,,
231,"91726 : Kohlmann, Philipp, 1842-1889",,,,,
232,"89571 : Fleckeisen, Alfred, 1820-1899",,,,,
233,"91728 : Ehwald, Rudolf, 1847-1927","89684 : Merkel, Rudolf, 1811-1885",,,,
234,"84117 : Lommatzsch, Ernst, 1871-1949",,,,,
235,"89571 : Fleckeisen, Alfred, 1820-1899",,,,,
236,"91728 : Ehwald, Rudolf, 1847-1927","89684 : Merkel, Rudolf, 1811-1885",,,,
237,"89684 : Merkel, Rudolf, 1811-1885",,,,,
238,"91728 : Ehwald, Rudolf, 1847-1927","89684: Merkel, Rudolf, 1811-1885",,,,
239,"91728 : Ehwald, Rudolf, 1847-1927","89684 : Merkel, Rudolf, 1811-1885",,,,
240,"91835 : Klotz, Alfred, 1874-1956",,,,,
241,"91726 : Kohlmann, Philipp, 1842-1889","84045 : Baehrens, Emil, 1848-1888",,,,
242,"89530 : Jahnke, Richard, 1868-1933","Kohlmann, Philipp, 1842-1889","84045 : Baehrens, Emil, 1848-1888",,,
243,"89571 : Fleckeisen, Alfred, 1820-1899",,,,,
244,"91728 : Ehwald, Rudolf, 1847-1927","89684 : Merkel, Rudolf, 1811-1885",,,,
245,"89571 : Fleckeisen, Alfred, 1820-1899",,,,,
246,,,,,,
247,,,,,,
248,"84127 : Müller, Lucian, 1836-1898",,,,,
249,"84174 : Schmitt, Johann Christoph",,,,,
250,"84177 : Schöne, Richard, 1840-1922",,,,,
251,"84098 : Hug, Arnold, 1832-1895",,,,,
252,"84189 : Wessner, Paul, 1870-1933",,,,,
253,"84189 : Wessner, Paul, 1870-1933",,,,,
254,,,,,,
255,"84133 : Plasberg, Otto, 1869-1924",,,,,
256,"89575 : Klotz, Reinhold, 1807-1870",,,,,
257,"84128 : Müller, Moritz, 1854-","84187 : Weissenborn, Wilhelm, 1803-1878",,,,
258,"84128 : Müller, Moritz, 1854-","84187 : Weissenborn, Wilhelm, 1803-1878",,,,
259,"84061 : Friedersdorff, F. (Franz), 1846-1911?","84126 : Müller, H. J.","84118 : Luterbacher, Franz, 1850-1924","84190 : Wölfflin, Eduard von, 1831-1908","84128 : Müller, Moritz, 1854-",
260,"84094 : Hermann, Karl Friedrich, 1804-1855",,,,,
261,"84094 : Hermann, Karl Friedrich, 1804-1855",,,,,
262,"84094 : Hermann, Karl Friedrich, 1804-1855",,,,,
263,"84095 : Hertz, Martin",,,,,
264,"84097 : Hosius, Carl, 1866-1937","84095 : Hertz, Martin",,,,
265,"89575 : Klotz, Reinhold, 1807-1870",,,,,
266,"91713 : Ribbeck, Otto, 1827-1898",,,,,
267,"91813 : Güthling, Otto, 1853-1931",,,,,
268,"84099 : Ihm, Max, 1863-1909",,,,,
269,"89530 : Jahnke, Richard, 1868-1933","Kohlmann, Philipp, 1842-1889","91835 : Klotz, Alfred, 1874-1956","84045 : Baehrens, Emil, 1848-1888",,
270,,,,,,
271,,,,,,
272,,,,,,
273,"89605 : Knöll, Pius",,,,,
274,"91877 : Schlee, Friedrich, 1854-1913",,,,,
275,"84108 : Keil, Heinrich, 1822-1894",,,,,
276,"84116 : Lehnert, Georg, 1871-",,,,,
277,"89551 : Dombart, Bernhard, 1832-1907",,,,,
278,"91713 : Ribbeck, Otto, 1827-1898",,,,,
279,"89605 : Knöll, Pius",,,,,
280,"89551 : Dombart, Bernhard, 1832-1907",,,,,
281,"91866 : Rabe, Hugo, 1867-1932",,,,,
282,"91818 : Helmreich, Georg, 1849-1921",,,,,
283,"84094 : Hermann, Karl Friedrich, 1804-1855",,,,,
284,"91713 : Ribbeck, Otto, 1827-1898",,,,,
285,"91818 : Helmreich, Georg, 1849-1921",,,,,
286,"91806 : Fox, Wilhelm, 1833-1925",,,,,
287,"91806 : Fox, Wilhelm, 1833-1925",,,,,
288,"84108 : Keil, Heinrich, 1822-1894",,,,,
289,"84092 : Hense, Otto, 1845-1931",,,,,
290,"91789 : Breysig, Alfred August Bernhard, 1831-1901",,,,,
291,"89551 : Dombart, Bernhard, 1832-1907",,,,,
292,"89551 : Dombart, Bernhard, 1832-1907",,,,,
293,"89608 : Müller, C. F. W. (Carl Friedrich Wilhelm), 1830-1903",,,,,
294,"91824 : Hildebrandt, Paul, 18..-19..",,,,,
295,"89608 : Müller, C. F. W. (Carl Friedrich Wilhelm), 1830-1903","Friedrich, Wilhelm",,,,
296,"84116 : Lehnert, Georg, 1871-",,,,,
297,"91817 : Hedicke, Edmund, 1840-",,,,,
298,"91878 : Schmid, Theodor, 1798-1877","Jahn, Johann Christian",,,,
299,"91817 : Hedicke, Edmund, 1840-",,,,,
300,"84186 : Vollmer, Friedrich, 1867-1923",,,,,
301,"84127 : Müller, Lucian, 1836-1898",,,,,
302,"91830 : Jahn, Johann Christian, 1797-1847",,,,,
303,"89601 : Holder, Alfred, 1840-1916","Keller, Otto, 1838-1927",,,,
304,"89594 : Foss, Heinrich Eduard, 1805-1875",,,,,
305,"84127 : Müller, Lucian, 1836-1898",,,,,
306,"84141 : Rossbach, August, 1823-1898",,,,,
307,"84045 : Baehrens, Emil, 1848-1888",,,,,
308,"84186 : Vollmer, Friedrich, 1867-1923",,,,,
309,"84045 : Baehrens, Emil, 1848-1888",,,,,
310,"91834 : Keller, Otto, 1838-1927",,,,,
311,"84127 : Müller, Lucian, 1836-1898",,,,,
312,"84127 : Müller, Lucian, 1836-1898",,,,,
313,"84127 : Müller, Lucian, 1836-1898",,,,,
314,"91888 : Vogel, Theodor, 1836-1912",,,,,
315,"84186 : Vollmer, Friedrich, 1867-1923",,,,,
316,"84142 : Roth, Karl Ludwig, 1790-1868",,,,,
317,"84190 : Wölfflin, Eduard von, 1831-1908",,,,,
318,"91875 : Schermann, Theodor, 1878-1922",,,,,
319,"91793 : Claussen, Johannes Diederich Detlef, 1849-1929",,,,,
320,"91834 : Keller, Otto, 1838-1927","89601 : Holder, Alfred, 1840-1916",,,,
321,"84127 : Müller, Lucian, 1836-1898",,,,,
322,"91840 : Krüger, Gustav, 1837-1912",,,,,
323,"84127 : Müller, Lucian, 1836-1898",,,,,
324,"91817 : Hedicke, Edmund, 1840-",,,,,
325,"84127 : Müller, Lucian, 1836-1898",,,,,
326,"84127 : Müller, Lucian, 1836-1898",,,,,
327,"91888 : Vogel, Theodor, 1836-1912",,,,,
328,"84141 : Rossbach, August, 1823-1898",,,,,
329,"84174 : Schmitt, Johann Christoph",,,,,
330,"89612 : Reichardt, Walther, 1869-",,,,,
331,"89575 : Klotz, Reinhold, 1807-1870",,,,,
332,,,,,,
333,,,,,,
334,"89608 : Müller, C. F. W. (Carl Friedrich Wilhelm), 1830-1903",,,,,
335,"84103 : Kiessling, Adolf, 1837-1892",,,,,
336,"91820 : Heraeus, W. (Wilhelm), 1862-1938","84128 : Müller, Moritz, 1854-","84187 : Weissenborn, Wilhelm, 1803-1878",,,
337,"84086 : Friedlein, Gottfried, 1828-1875",,,,,
338,"89594 : Foss, Heinrich Eduard, 1805-1875",,,,,
339,"89594 : Foss, Heinrich Eduard, 1805-1875",,,,,
340,,,,,,
341,"89592 : Daremberg, Charles, 1817-1872",,,,,
342,"89592 : Daremberg, Charles, 1817-1872",,,,,
343,"91876 : Schiche, Theodor",,,,,
344,"89589 : Ziegler, Konrat, 1884-1974",,,,,
345,"89608 : Müller, C. F. W. (Carl Friedrich Wilhelm), 1830-1903",,,,,
346,"84191 : Zachariä von Lingenthal, Karl Eduard, 1812-1894",,,,,
347,,,,,,
348,"89551 : Dombart, Bernhard, 1832-1907",,,,,
349,"91731 : Frick, Karl, 1848-",,,,,
350,"84053 : Dietsch, Heinrich Rudolf, 1814-1875",,,,,
351,,,,,,
352,,,,,,
353,,,,,,
354,"89578 : Meister, Ferdinand Otto, 1828-1915",,,,,
355,"84099 : Ihm, Max, 1863-1909",,,,,
356,"91814 : Häckermann, Adolf 1819-",,,,,
357,"84094 : Hermann, Karl Friedrich, 1804-1855",,,,,
358,"84094 : Hermann, Karl Friedrich, 1804-1855",,,,,
359,"84094 : Hermann, Karl Friedrich, 1804-1855",,,,,
360,"84094 : Hermann, Karl Friedrich, 1804-1855",,,,,
361,"84094 : Hermann, Karl Friedrich, 1804-1855",,,,,
362,"84094 : Hermann, Karl Friedrich, 1804-1855",,,,,
363,"84094 : Hermann, Karl Friedrich, 1804-1855",,,,,
364,"84094 : Hermann, Karl Friedrich, 1804-1855",,,,,
365,"84094 : Hermann, Karl Friedrich, 1804-1855",,,,,
366,,,,,,
367,"91845 : Löwe, Gustav, 1852-1883","84089 : Goetz, Georg, 1849-1932",,,,
368,"89467 : Lindsay, W. M. (Wallace Martin), 1858-1937","84189 : Wessner, Paul, 1870-1933","91820 : Heraeus, W. (Wilhelm), 1862-1938","89694 : Gundermann, Gotthold, 1856-1921","91845 : Löwe, Gustav, 1852-1883","84089 : Goetz, Georg, 1849-1932"
369,"91885 : Thulin, Carl, 1871-1921",,,,,
370,"89560 : Halm, Karl, 1809-1882",,,,,
371,"89560 : Halm, Karl, 1809-1882",,,,,
372,"89560 : Halm, Karl, 1809-1882",,,,,
373,,,,,,
374,"89560 : Halm, Karl, 1809-1882",,,,,
375,"91820 : Heraeus, W. (Wilhelm), 1862-1938","Heraeus, Carl (Karl Jesaias), 1818-1891",,,,
376,"89560 : Halm, Karl, 1809-1882",,,,,
377,"89571 : Fleckeisen, Alfred, 1820-1899","89560 : Halm, Karl, 1809-1882",,,,
378,,,,,,
379,"89560 : Halm, Karl, 1809-1882",,,,,
380,"89560 : Halm, Karl, 1809-1882","89571 : Fleckeisen, Alfred, 1820-1899",,,,
381,,,,,,
382,"84053 : Dietsch, Heinrich Rudolf, 1814-1875",,,,,
383,"89560 : Halm, Karl, 1809-1882",,,,,
384,"91818 : Helmreich, Georg, 1849-1921",,,,,
385,"89605 : Knöll, Pius",,,,,
386,"84176 : Schöll, Fritz, 1850-1919","84089 : Goetz, Georg, 1849-1932",,,,
387,"84176 : Schöll, Fritz, 1850-1919","84089 : Goetz, Georg, 1849-1932",,,,
388,"84176 : Schöll, Fritz, 1850-1919","84089 : Goetz, Georg, 1849-1932",,,,
389,"89571 : Fleckeisen, Alfred, 1820-1899",,,,,
390,"89571 : Fleckeisen, Alfred, 1820-1899",,,,,
391,,,,,,
392,"84176 : Schöll, Fritz, 1850-1919","84089 : Goetz, Georg, 1849-1932",,,,
393,"84176 : Schöll, Fritz, 1850-1919","84089 : Goetz, Georg, 1849-1932",,,,
394,"84176 : Schöll, Fritz, 1850-1919","84089 : Goetz, Georg, 1849-1932",,,,
395,"89571 : Fleckeisen, Alfred, 1820-1899",,,,,
396,"89530 : Jahnke, Richard, 1868-1933",,,,,
397,"84138 : Ritschl, Friedrich Wilhelm, 1806-1876",,,,,
398,"89571 : Fleckeisen, Alfred, 1820-1899",,,,,
399,"89571 : Fleckeisen, Alfred, 1820-1899",,,,,
400,"84176 : Schöll, Fritz, 1850-1919","84089 : Goetz, Georg, 1849-1932",,,,
401,"84059 : Eussner, Adam, 1844-",,,,,
402,"84053 : Dietsch, Heinrich Rudolf, 1814-1875",,,,,
403,"84059 : Eussner, Adam, 1844-",,,,,
404,,,,,,
405,,,,,,
406,"84059 : Eussner, Adam, 1844-",,,,,
407,,,,,,
408,"89546 : Beck, J. W. (Jan Wibertus)",,,,,
409,,,,,,
410,"84121 : Mayhoff, Karl, 1841-1914","84101 : Jan, Ludwig von 1807-1869",,,,
411,"84101 : Jan, Ludwig von 1807-1869",,,,,
412,,,,,,
413,"84121 : Mayhoff, Karl, 1841-1914",,,,,
414,"84121 : Mayhoff, Karl, 1841-1914","84101 : Jan, Ludwig von 1807-1869",,,,
415,"84121 : Mayhoff, Karl, 1841-1914","84101 : Jan, Ludwig von 1807-1869",,,,
416,"84108 : Keil, Heinrich, 1822-1894",,,,,
417,"84105 : Kukula, R. C. (Richard Cornelius), 1862-1919",,,,,
418,"84121 : Mayhoff, Karl, 1841-1914","84101 : Jan, Ludwig von 1807-1869",,,,
419,"84108 : Keil, Heinrich, 1822-1894",,,,,
420,,,,,,
421,"84092 : Hense, Otto, 1845-1931",,,,,
422,"84190 : Wölfflin, Eduard von, 1831-1908","84104 : Kübler, Bernhard, 1859-1940",,,,
423,"84143 : Rühl, Franz, 1845-1916",,,,,
424,"84190 : Wölfflin, Eduard von, 1831-1908",,,,,
425,"84134 : Peiper, Rudolf, 1834-1898",,,,,
426,"84134 : Peiper, Rudolf, 1834-1898",,,,,
427,"84106 : Heidenhain, Friedrich Jakob, 1845-1912",,,,,
428,"84176 : Schöll, Fritz, 1850-1919","84089 : Goetz, Georg, 1849-1932",,,,
429,"89577 : Kramer, Otto, 1887-",,,,,
430,"84183 : Thomas, Paul, 1852-1937",,,,,
431,"84183 : Thomas, Paul, 1852-1937","84091 : Helm, Rudolf Wilhelm Oskar, 1872-1966",,,,
432,"84094 : Hermann, Karl Friedrich, 1804-1855",,,,,
433,,,,,,
434,"84117 : Lommatzsch, Ernst, 1871-1949","84049 : Buecheler, Franz, 1837-1908","84137 : Riese, Alexander, 1840-1922",,,
435,"84137 : Riese, Alexander, 1840-1922","84049 : Buecheler, Franz, 1837-1908",,,,
436,"84049 : Buecheler, Franz, 1837-1908","84137 : Riese, Alexander, 1840-1922",,,,
437,"84137 : Riese, Alexander, 1840-1922","84049 : Buecheler, Franz, 1837-1908",,,,
438,"84117 : Lommatzsch, Ernst, 1871-1949","84137 : Riese, Alexander, 1840-1922","84049 : Buecheler, Franz, 1837-1908",,,
439,"84179 : Stegmann, Carl",,,,,
440,"84103 : Kiessling, Adolf, 1837-1892",,,,,
441,"84086 : Friedlein, Gottfried, 1828-1875",,,,,
442,"84123 : Meiser, Karl, 1843-1912",,,,,
443,"84123 : Meiser, Karl, 1843-1912",,,,,
444,"84087 : Gardthausen, V. (Victor), 1843-1928",,,,,
445,"84087 : Gardthausen, V. (Victor), 1843-1928",,,,,
446,"84127 : Müller, Lucian, 1836-1898",,,,,
447,"84127 : Müller, Lucian, 1836-1898",,,,,
448,"84141 : Rossbach, August, 1823-1898",,,,,
449,"84127 : Müller, Lucian, 1836-1898",,,,,
450,"89589 : Ziegler, Konrat, 1884-1974","89582 : Skutsch, Franz, 1865-1912","91837 : Kroll, Wilhelm, 1869-1939",,,
451,"84104 : Kübler, Bernhard, 1859-1940",Pseudo-Callisthenes,,,,
452,"89560 : Halm, Karl, 1809-1882",,,,,
453,"89589 : Ziegler, Konrat, 1884-1974",,,,,
454,,,,,,
455,"91866 : Rabe, Hugo, 1867-1932",,,,,
456,"Gneist, Rudolph, 1816-1895.",,,,,
457,"91812 : Gneist, Rudolph, 1816-1895",,,,,
458,"89691 : Bonnell, Eduard, 1802-1877",,,,,
459,"89691 : Bonnell, Eduard, 1802-1877",,,,,
460,"89691 : Bonnell, Eduard, 1802-1877",,,,,
461,"89603 : Huschke, Ph. Eduard (Philipp Eduard), 1801-1886",,,,,
462,"89603 : Huschke, Ph. Eduard (Philipp Eduard), 1801-1886",,,,,
463,"89690 : Gemoll, Wilhelm, 1850-1934",,,,,
464,"89700 : Strecker, Karl, 1861-1945",,,,,
465,"89672 : Lehnerdt, Maximilian 1861-1945?",,,,,
466,"91862 : Peter, Hermann, 1837-1914",,,,,
467,"91888 : Vogel, Theodor, 1836-1912",,,,,
468,"91888 : Vogel, Theodor, 1836-1912",,,,,
469,"91833 : Kaiser, Paul, 1852-1917",,,,,
470,"91821 : Herding, Wilhelm",,,,,
471,"91821 : Herding, Wilhelm",,,,,
472,"89603 : Huschke, Ph. Eduard (Philipp Eduard), 1801-1886",,,,,
473,"91821 : Herding, Wilhelm",,,,,
474,"89672 : Lehnerdt, Maximilian 1861-1945?",,,,,
475,"89682 : Lohmeyer, Carl Friedrich Wilhelm, 1868-",,,,,
476,"89682 : Lohmeyer, Carl Friedrich Wilhelm, 1868-",,,,,
477,,,,,,
478,"89593 : Flemisch, Michael, 1873-",,,,,
479,"89593 : Flemisch, Michael, 1873-",,,,,
480,"84108 : Keil, Heinrich, 1822-1894","Hagen, Hermann, 1844-1898",,,,
481,"89680 : Funaioli, Gino, 1878-1958",,,,,
482,"89680 : Funaioli, Gino, 1878-1958",,,,,
483,"91789 : Breysig, Alfred August Bernhard, 1831-1901",,,,,
484,"89560 : Halm, Karl, 1809-1882",,,,,
485,"89560 : Halm, Karl, 1809-1882","Andresen, Georg, 1845-",,,,
486,"89603 : Huschke, Ph. Eduard (Philipp Eduard), 1801-1886",,,,,
487,"89603 : Huschke, Ph. Eduard (Philipp Eduard), 1801-1886",,,,,
488,"84104 : Kübler, Bernhard, 1859-1940","89616 : Seckel, Emil, 1864-1924","89603 : Huschke, Ph. Eduard (Philipp Eduard), 1801-1886",,,
489,"89603 : Huschke, Ph. Eduard (Philipp Eduard), 1801-1886","84104 : Kübler, Bernhard, 1859-1940","89616 : Seckel, Emil, 1864-1924",,,
490,"91838 : Krueger, Paul, 1840-1926",,,,,
491,"89607 : Lang, Carl, 1841-",,,,,
492,"89601 : Holder, Alfred, 1840-1916",,,,,
493,"89684: Merkel, Rudolf, 1811-1885",,,,,
494,"89560 : Halm, Karl, 1809-1882",,,,,
495,"89675: Schullian, Dorothy M. (Dorothy May), 1906-1989","84102 : Kempf, Carolus, 1819-1894",,,,
496,"84053 : Dietsch, Heinrich Rudolf, 1814-1875","89602 : Hultsch, Fridericus (Friedrich Otto), 1833-1906",,,,
497,"84053 : Dietsch, Heinrich Rudolf, 1814-1875","84046 : Baumgarten-Crusius, Detlev Carl Wilhelm, 1786-1845",,,,
498,"84143 : Rühl, Franz, 1845-1916",,,,,
499,"89591 : Carter, Jesse Benedict, 1872-1917",,,,,
500,"89679 : Fickelscherer, Martin",,,,,
501,"84053 : Dietsch, Heinrich Rudolf, 1814-1875",,,,,
502,"84175 : Schneidewin, Friedrich Wilhelm, 1810-1856",,,,,
503,"89578 : Meister, Ferdinand Otto, 1828-1915",,,,,
504,"84127 : Müller, Lucian, 1836-1898",,,,,
505,"84140 : Rose, Valentin, 1829-1916",,,,,
506,,,,,,
507,,,,,,
508,"89603 : Huschke, Ph. Eduard (Philipp Eduard), 1801-1886",,,,,
509,"89603 : Huschke, Ph. Eduard (Philipp Eduard), 1801-1886",,,,,
510,"84117 : Lommatzsch, Ernst, 1871-1949",,,,,
511,,,,,,
512,"89685 : Nauck, C. W. (Carl Wilhelm), 1813-","Krüger, G. T. A. (Georg Theodor August), 1793-1873",,,,
513,"84134 : Peiper, Rudolf, 1834-1898",,,,,
514,"89467 : Lindsay, W. M. (Wallace Martin), 1858-1937","89677 : Thewrewk, Emil, Ponori, 1838-1917",,,,
515,,,,,,
516,"84127 : Müller, Lucian, 1836-1898",,,,,
517,,,,,,
518,"91893 : Wesenberg, Albert Sadolin, 1804-1876",,,,,
519,"91818 : Helmreich, Georg, 1849-1921",,,,,
520,"91818 : Helmreich, Georg, 1849-1921",,,,,
521,"91803 : Eyssenhardt, Franz, 1838-1901",,,,,
522,"89461 : Haase, Friedrich, 1808-1867",,,,,
523,"89461 : Haase, Friedrich, 1808-1867",,,,,
524,"89461 : Haase, Friedrich, 1808-1867",,,,,
525,,,,,,
526,"91810 : Gilbert, Walther, 1851-",,,,,
527,"91810 : Gilbert, Walther, 1851-",,,,,
528,"91810 : Gilbert, Walther, 1851-",,,,,
529,"91810 : Gilbert, Walther, 1851-",,,,,
530,"84175 : Schneidewin, Friedrich Wilhelm, 1810-1856",,,,,
531,"84175 : Schneidewin, Friedrich Wilhelm, 1810-1856",,,,,
532,"84175 : Schneidewin, Friedrich Wilhelm, 1810-1856",,,,,
533,"91808 : Gast, Ernst-Reinhard, 1842-1904",,,,,
534,"89608 : Müller, C. F. W. (Carl Friedrich Wilhelm), 1830-1903",,,,,
535,"89608 : Müller, C. F. W. (Carl Friedrich Wilhelm), 1830-1903",,,,,
536,"89575 : Klotz, Reinhold, 1807-1870",,,,,
537,"89608 : Müller, C. F. W. (Carl Friedrich Wilhelm), 1830-1903",,,,,
538,"91844 : La Sale, Antoine de, 1385?-1461?","91836 : Knoellinger, Hermann, 1883-1914","89608 : Müller, C. F. W. (Carl Friedrich Wilhelm), 1830-1903",,,
539,"89608 : Müller, C. F. W. (Carl Friedrich Wilhelm), 1830-1903",,,,,
540,"91893 : Wesenberg, Albert Sadolin, 1804-1876","89575 : Klotz, Reinhold, 1807-1870",,,,
541,"89699 : Rossbach, Otto, 1858-1931",,,,,
542,"91807 : Frey, Joseph, 1834-1910",,,,,
543,"84128 : Müller, Moritz, 1854-","84187 : Weissenborn, Wilhelm, 1803-1878",,,,
544,"84128 : Müller, Moritz, 1854-","84187 : Weissenborn, Wilhelm, 1803-1878",,,,
545,"84128 : Müller, Moritz, 1854-","84187 : Weissenborn, Wilhelm, 1803-1878",,,,
546,"84128 : Müller, Moritz, 1854-","84187 : Weissenborn, Wilhelm, 1803-1878",,,,
547,,,,,,
548,"84128 : Müller, Moritz, 1854-","84187 : Weissenborn, Wilhelm, 1803-1878",,,,
549,"84128 : Müller, Moritz, 1854-","84187 : Weissenborn, Wilhelm, 1803-1878",,,,
550,"84128 : Müller, Moritz, 1854-","84187 : Weissenborn, Wilhelm, 1803-1878",,,,
551,"84128 : Müller, Moritz, 1854-","84187 : Weissenborn, Wilhelm, 1803-1878",,,,
552,"84128 : Müller, Moritz, 1854-","84187 : Weissenborn, Wilhelm, 1803-1878",,,,
553,"91820 : Heraeus, W. (Wilhelm), 1862-1938","84128 : Müller, Moritz, 1854-","84187 : Weissenborn, Wilhelm, 1803-1878",,,
554,"84128 : Müller, Moritz, 1854-","84187 : Weissenborn, Wilhelm, 1803-1878",,,,
555,"84187 : Weissenborn, Wilhelm, 1803-1878",,,,,
556,"84187 : Weissenborn, Wilhelm, 1803-1878",,,,,
557,"84187 : Weissenborn, Wilhelm, 1803-1878",,,,,
558,"84128 : Müller, Moritz, 1854-",,,,,
559,"84127 : Müller, Lucian, 1836-1898",,,,,
560,"91791 : Brummer, Jacob","91809 : Georges, Heinrich, 1852-1921",,,,
561,"89698 : Richter, Gustav, 1838-1904","84134 : Peiper, Rudolf, 1834-1898",,,,
562,"89698 : Richter, Gustav, 1838-1904","84134 : Peiper, Rudolf, 1834-1898",,,,
563,"84107 : Jeep, Justus Wilhelm Linde, 1799-1884",,,,,
564,"91852 : Merzdorf, J. F. L. Theodor (Johann Friedrich Ludwig Theodor), 1812-1877",,,,,
565,"91852 : Merzdorf, J. F. L. Theodor (Johann Friedrich Ludwig Theodor), 1812-1877",,,,,
566,"89608 : Müller, C. F. W. (Carl Friedrich Wilhelm), 1830-1903",,,,,
567,"89560 : Halm, Karl, 1809-1882",,,,,
568,"84102 : Kempf, Carolus, 1819-1894",,,,,
569,"84102 : Kempf, Carolus, 1819-1894",,,,,
570,"84141 : Rossbach, August, 1823-1898",,,,,
571,"91891 : Weber, Ernst, 1873","Thederingus, Hermann","Gruterus, Janus, 1560-1627","89796 : Melissus, Paulus, 1539-1602","71395 : Hessus, Helius Eobanus, 1488-1540","91853 : Meurer, Wolfgang, 1513-1585"
572,"91842 : Künstle, Karl, 1859-1932",,,,,
573,"89560 : Halm, Karl, 1809-1882",,,,,
574,"91791 : Brummer, Jacob",,,,,
575,,,,,,
576,"84140 : Rose, Valentin, 1829-1916",,,,,
577,,,,,,
578,"91779 : Baehrens, W. A. (Willem Adolf), 1885-1929","84045 : Baehrens, Emil, 1848-1888",,,,
579,"84045 : Baehrens, Emil, 1848-1888",,,,,
580,,,,,,
581,,,,,,
582,,,,,,
583,"91835 : Klotz, Alfred, 1874-1956",,,,,
584,"89571 : Fleckeisen, Alfred, 1820-1899",,,,,
585,"84176 : Schöll, Fritz, 1850-1919","84089 : Goetz, Georg, 1849-1932",,,,
586,"84176 : Schöll, Fritz, 1850-1919","84089 : Goetz, Georg, 1849-1932",,,,
587,"84138 : Ritschl, Friedrich Wilhelm, 1806-1876","89571 : Fleckeisen, Alfred, 1820-1899",,,,
588,"91713 : Ribbeck, Otto, 1827-1898",,,,,
589,"84176 : Schöll, Fritz, 1850-1919","84089 : Goetz, Georg, 1849-1932",,,,
590,"84176 : Schöll, Fritz, 1850-1919","84089 : Goetz, Georg, 1849-1932",,,,
591,"84138 : Ritschl, Friedrich Wilhelm, 1806-1876",,,,,
592,"84089 : Goetz, Georg, 1849-1932","84176 : Schöll, Fritz, 1850-1919",,,,
593,"84176 : Schöll, Fritz, 1850-1919","84089 : Goetz, Georg, 1849-1932",,,,
594,"89571 : Fleckeisen, Alfred, 1820-1899",,,,,
595,"91790 : Brieger, Adolf, 1832-1912",,,,,
596,"91790 : Brieger, Adolf, 1832-1912",,,,,
597,"91835 : Klotz, Alfred, 1874-1956",,,,,
598,"89608 : Müller, C. F. W. (Carl Friedrich Wilhelm), 1830-1903",,,,,
599,"89608 : Müller, C. F. W. (Carl Friedrich Wilhelm), 1830-1903",,,,,
600,"89608 : Müller, C. F. W. (Carl Friedrich Wilhelm), 1830-1903",,,,,
601,"91862 : Peter, Hermann, 1837-1914",,,,,
602,"91826 : Hohl, Ernst, 1886-1957",,,,,
603,"91862 : Peter, Hermann, 1837-1914",,,,,
604,"84097 : Hosius, Carl, 1866-1937",,,,,
605,"91848 : Manitius, Max, 1858-1933",,,,,
606,"89467 : Lindsay, W. M. (Wallace Martin), 1858-1937","89677 : Thewrewk, Emil, Ponori, 1838-1917",,,,
607,"91780 : Bauer, Ludwig, active 1883-1892",,,,,
608,"84045 : Baehrens, Emil, 1848-1888",,,,,
609,"84186 : Vollmer, Friedrich, 1867-1923",,,,,
610,"89694 : Gundermann, Gotthold, 1856-1921",,,,,
611,"91836 : Knoellinger, Hermann, 1883-1914",,,,,
612,"91785 : Bernays, Jacob, 1824-1881",,,,,
613,"91785 : Bernays, Jacob, 1824-1881",,,,,
614,"91785 : Bernays, Jacob, 1824-1881",,,,,
615,"91790 : Brieger, Adolf, 1832-1912",,,,,
616,"89608 : Müller, C. F. W. (Carl Friedrich Wilhelm), 1830-1903",,,,,
617,"89608 : Müller, C. F. W. (Carl Friedrich Wilhelm), 1830-1903",,,,,
618,"91835 : Klotz, Alfred, 1874-1956",,,,,
619,"84103 : Kiessling, Adolf, 1837-1892",,,,,
620,"89684 : Merkel, Rudolf, 1811-1885",,,,,
621,"91882 : Siebelis, Johannes, 1817-1867","91865 : Polle, Friedrich, 1830-1902",,,,
622,"89684 : Merkel, Rudolf, 1811-1885",,,,,
623,"89608 : Müller, C. F. W. (Carl Friedrich Wilhelm), 1830-1903",,,,,
624,"89608 : Müller, C. F. W. (Carl Friedrich Wilhelm), 1830-1903",,,,,
625,"89608 : Müller, C. F. W. (Carl Friedrich Wilhelm), 1830-1903",,,,,
626,"84174 : Schmitt, Johann Christoph",,,,,
627,"91835 : Klotz, Alfred, 1874-1956","89530 : Jahnke, Richard, 1868-1933",,,,
628,"89601 : Holder, Alfred, 1840-1916","91834 : Keller, Otto, 1838-1927",,,,
629,"89459 : Gercke, Alfred, 1860-1922","89460 : Hermes, Emil, 1847-1911","89461 : Haase, Friedrich, 1808-1867","84092 : Hense, Otto, 1845-1931","84097 : Hosius, Carl, 1866-1937",
630,,,,,,
631,,,,,,
632,"89560 : Halm, Karl, 1809-1882",,,,,
633,,,,,,
634,"89461 : Haase, Friedrich, 1808-1867",,,,,
635,"84183 : Thomas, Paul, 1852-1937","89562 : Helm, Rudolf, 1874-1964",,,,
636,"89461 : Haase, Friedrich, 1808-1867",,,,,
637,"84090 : Heiberg, J. L. (Johan Ludvig), 1854-1928",,,,,
638,"91830 : Jahn, Johann Christian, 1797-1847",,,,,
639,"91827 : Huemer, Johann, 1849-1915",,,,,
640,"91713 : Ribbeck, Otto, 1827-1898",,,,,
641,"91884 : Swoboda, Antonius, 1865-1928",,,,,
642,"91816 : Harster, Wilhelm, 1846-1901",,,,,
643,"91816 : Harster, Wilhelm, 1846-1901",,,,,
644,"91860 : Onions, John Henry, 1852-1889","89467 : Lindsay, W. M. (Wallace Martin), 1858-1937",,,,
645,"91860 : Onions, John Henry, 1852-1889","89467 : Lindsay, W. M. (Wallace Martin), 1858-1937",,,,
646,"84121 : Mayhoff, Karl, 1841-1914","84101 : Jan, Ludwig von 1807-1869",,,,
647,"91713 : Ribbeck, Otto, 1827-1898",,,,,
648,"84121 : Mayhoff, Karl, 1841-1914",,,,,
649,"84101 : Jan, Ludwig von 1807-1869","84121 : Mayhoff, Karl, 1841-1914",,,,
650,"89602 : Hultsch, Fridericus (Friedrich Otto), 1833-1906",,,,,
651,"91803 : Eyssenhardt, Franz, 1838-1901",,,,,
652,"91803 : Eyssenhardt, Franz, 1838-1901",,,,,
653,"91830 : Jahn, Johann Christian, 1797-1847",,,,,
654,"89608 : Müller, C. F. W. (Carl Friedrich Wilhelm), 1830-1903",,,,,
